School,Season,Sport,Link
Creston Intermediate & Middle School,Winter,Girls Basketball (Girls Freshman),https://widget.eventlink.com/sport-schedule?c=%5B%2298a0f5eb-50b0-4669-95aa-9bd825a5a417%22%5D&o=3703fb29-4581-47d0-9859-25a7c69da004&z=America%2FNew_York&d=false
Creston Intermediate & Middle School,Winter,Girls Basketball (Girls JV),https://widget.eventlink.com/sport-schedule?c=%5B%2235b507ac-1126-42a9-995e-e7bb14e5c25d%22%5D&o=3703fb29-4581-47d0-9859-25a7c69da004&z=America%2FNew_York&d=false
Creston Intermediate & Middle School,Winter,Girls Basketball (Girls Varsity),https://widget.eventlink.com/sport-schedule?c=%5B%22fa218b36-cd6c-400b-a983-ab99b90d1e36%22%5D&o=3703fb29-4581-47d0-9859-25a7c69da004&z=America%2FNew_York&d=false
Creston Intermediate & Middle School,Winter,Boys Boys Basketball (7/8),https://widget.eventlink.com/sport-schedule?c=%5B%22dcf7b255-7dcc-4ad7-b0d3-70afe03ed770%22%5D&o=3703fb29-4581-47d0-9859-25a7c69da004&z=America%2FNew_York&d=false
Creston Intermediate & Middle School,Winter,Boys Boys Basketball (7th),https://widget.eventlink.com/sport-schedule?c=%5B%22cabe1fc2-300a-46e1-bf7e-58b59153340c%22%5D&o=3703fb29-4581-47d0-9859-25a7c69da004&z=America%2FNew_York&d=false
Creston Intermediate & Middle School,Winter,Boys Boys Basketball (8th),https://widget.eventlink.com/sport-schedule?c=%5B%2217f781c6-9bfe-4e91-a708-c9515b3fd57d%22%5D&o=3703fb29-4581-47d0-9859-25a7c69da004&z=America%2FNew_York&d=false
Creston Intermediate & Middle School,Spring,Boys Boys Golf,https://widget.eventlink.com/sport-schedule?c=%5B%221564ed3e-be99-45b7-b84d-5722d4ab6026%22%5D&o=3703fb29-4581-47d0-9859-25a7c69da004&z=America%2FNew_York&d=false
Creston Intermediate & Middle School,Spring,Boys Boys Golf (6/7/8),https://widget.eventlink.com/sport-schedule?c=%5B%22275dcd03-25f6-40cb-8d2c-575c8e214939%22%5D&o=3703fb29-4581-47d0-9859-25a7c69da004&z=America%2FNew_York&d=false
Creston Intermediate & Middle School,Fall,Boys Boys Soccer (7/8),https://widget.eventlink.com/sport-schedule?c=%5B%228b2b4d19-70fb-4c3d-bc88-1b4fa797ed1e%22%5D&o=3703fb29-4581-47d0-9859-25a7c69da004&z=America%2FNew_York&d=false
Creston Intermediate & Middle School,Fall,Boys Boys Tennis,https://widget.eventlink.com/sport-schedule?c=%5B%22fdc9da8a-e12a-4a73-9ed6-64d4bc1c2aa8%22%5D&o=3703fb29-4581-47d0-9859-25a7c69da004&z=America%2FNew_York&d=false
Creston Intermediate & Middle School,Fall,Coed Boys/Girls Cross Country,https://widget.eventlink.com/sport-schedule?c=%5B%22072f6695-adf6-4359-8299-40174695d53f%22%5D&o=3703fb29-4581-47d0-9859-25a7c69da004&z=America%2FNew_York&d=false
Creston Intermediate & Middle School,Winter,Coed Boys/Girls Swimming and Diving,https://widget.eventlink.com/sport-schedule?c=%5B%22523e26a3-0c7f-4b71-9428-22b27b7fe7b6%22%5D&o=3703fb29-4581-47d0-9859-25a7c69da004&z=America%2FNew_York&d=false
Creston Intermediate & Middle School,Spring,Coed Boys/Girls Track and Field,https://widget.eventlink.com/sport-schedule?c=%5B%22d2bd1964-46f7-47b3-b069-5eba6aab3f0c%22%5D&o=3703fb29-4581-47d0-9859-25a7c69da004&z=America%2FNew_York&d=false
Creston Intermediate & Middle School,Summer,Coed Cheerleading (Girls Varsity),https://widget.eventlink.com/sport-schedule?c=%5B%225c3f8cd8-387f-4b81-868b-6d75fbabf5ac%22%5D&o=3703fb29-4581-47d0-9859-25a7c69da004&z=America%2FNew_York&d=false
Creston Intermediate & Middle School,Summer,Coed Cheerleading (JV),https://widget.eventlink.com/sport-schedule?c=%5B%223ec35f11-a477-4802-a655-48839049dcea%22%5D&o=3703fb29-4581-47d0-9859-25a7c69da004&z=America%2FNew_York&d=false
Creston Intermediate & Middle School,Fall,Boys Football (7/8),https://widget.eventlink.com/sport-schedule?c=%5B%223a59ca78-d2df-4803-9bd2-d45df8813775%22%5D&o=3703fb29-4581-47d0-9859-25a7c69da004&z=America%2FNew_York&d=false
Creston Intermediate & Middle School,Fall,Boys Football (8th),https://widget.eventlink.com/sport-schedule?c=%5B%22b81b5f13-3e40-4d1f-9305-9b648fb0b7d8%22%5D&o=3703fb29-4581-47d0-9859-25a7c69da004&z=America%2FNew_York&d=false
Creston Intermediate & Middle School,Winter,Girls Girls Basketball (7/8),https://widget.eventlink.com/sport-schedule?c=%5B%2234372030-63c5-419b-8c25-02d0b8e36144%22%5D&o=3703fb29-4581-47d0-9859-25a7c69da004&z=America%2FNew_York&d=false
Creston Intermediate & Middle School,Winter,Girls Girls Basketball (7th),https://widget.eventlink.com/sport-schedule?c=%5B%22989f9cdf-1124-4649-8d01-1c5a7c543062%22%5D&o=3703fb29-4581-47d0-9859-25a7c69da004&z=America%2FNew_York&d=false
Creston Intermediate & Middle School,Winter,Girls Girls Basketball (8th),https://widget.eventlink.com/sport-schedule?c=%5B%223adecc25-3a36-4c15-889b-7172a205732e%22%5D&o=3703fb29-4581-47d0-9859-25a7c69da004&z=America%2FNew_York&d=false
Creston Intermediate & Middle School,Fall,Girls Girls Golf,https://widget.eventlink.com/sport-schedule?c=%5B%22aef30167-ec13-47da-86b2-8dd3c2fd2b18%22%5D&o=3703fb29-4581-47d0-9859-25a7c69da004&z=America%2FNew_York&d=false
Creston Intermediate & Middle School,Fall,Girls Girls Soccer (7/8),https://widget.eventlink.com/sport-schedule?c=%5B%222182d650-4f51-4f14-820c-d746483996bc%22%5D&o=3703fb29-4581-47d0-9859-25a7c69da004&z=America%2FNew_York&d=false
Creston Intermediate & Middle School,Spring,Girls Girls Tennis,https://widget.eventlink.com/sport-schedule?c=%5B%22edc82489-e61d-4df5-97da-bfe392db3505%22%5D&o=3703fb29-4581-47d0-9859-25a7c69da004&z=America%2FNew_York&d=false
Creston Intermediate & Middle School,Fall,Girls Soccer (Girls JV),https://widget.eventlink.com/sport-schedule?c=%5B%229333a44c-2d9b-4b40-bdde-b4fb94533396%22%5D&o=3703fb29-4581-47d0-9859-25a7c69da004&z=America%2FNew_York&d=false
Creston Intermediate & Middle School,Fall,Girls Softball (JV),https://widget.eventlink.com/sport-schedule?c=%5B%22943d7e37-1d35-44a3-bcd0-4a6479dfb392%22%5D&o=3703fb29-4581-47d0-9859-25a7c69da004&z=America%2FNew_York&d=false
Creston Intermediate & Middle School,Spring,Boys Township Baseball 7th,https://widget.eventlink.com/sport-schedule?c=%5B%22fd15134b-56c8-44d6-8044-8c5bfae4774c%22%5D&o=3703fb29-4581-47d0-9859-25a7c69da004&z=America%2FNew_York&d=false
Creston Intermediate & Middle School,Spring,Boys Township Baseball 8th,https://widget.eventlink.com/sport-schedule?c=%5B%2228b5be8c-5bfe-4ee6-904e-9a2ea65c319c%22%5D&o=3703fb29-4581-47d0-9859-25a7c69da004&z=America%2FNew_York&d=false
Creston Intermediate & Middle School,Spring,Girls Township Softball 7th,https://widget.eventlink.com/sport-schedule?c=%5B%228cadb7c1-e731-44ca-afea-c72e8a2fa7e1%22%5D&o=3703fb29-4581-47d0-9859-25a7c69da004&z=America%2FNew_York&d=false
Creston Intermediate & Middle School,Spring,Girls Township Softball 8th,https://widget.eventlink.com/sport-schedule?c=%5B%2267f8e5a5-2e41-4203-90d4-2fbc7121cf7b%22%5D&o=3703fb29-4581-47d0-9859-25a7c69da004&z=America%2FNew_York&d=false
Creston Intermediate & Middle School,Fall,Girls Volleyball (7/8),https://widget.eventlink.com/sport-schedule?c=%5B%2232ab0e83-1cf0-47e9-9ec8-e14132cafd6f%22%5D&o=3703fb29-4581-47d0-9859-25a7c69da004&z=America%2FNew_York&d=false
Creston Intermediate & Middle School,Fall,Girls Volleyball (Girls JV),https://widget.eventlink.com/sport-schedule?c=%5B%22e4df5770-cec5-4e67-a630-7d2d871cb09d%22%5D&o=3703fb29-4581-47d0-9859-25a7c69da004&z=America%2FNew_York&d=false
Creston Intermediate & Middle School,Fall,Girls Volleyball (Girls Varsity),https://widget.eventlink.com/sport-schedule?c=%5B%2246d03b1f-1b3c-499c-93e1-9162c6799ba9%22%5D&o=3703fb29-4581-47d0-9859-25a7c69da004&z=America%2FNew_York&d=false
Creston Intermediate & Middle School,Winter,Boys Wrestling,https://widget.eventlink.com/sport-schedule?c=%5B%22659a9c7f-a208-427e-a06f-887ce110480b%22%5D&o=3703fb29-4581-47d0-9859-25a7c69da004&z=America%2FNew_York&d=false
Creston Intermediate & Middle School,Winter,Boys Wrestling (Boys JV),https://widget.eventlink.com/sport-schedule?c=%5B%22dc66f2f3-9a56-4b16-97c8-5414fdf235d0%22%5D&o=3703fb29-4581-47d0-9859-25a7c69da004&z=America%2FNew_York&d=false
Stonybrook Middle School,Spring,Boys 7 Baseball,https://widget.eventlink.com/sport-schedule?c=%5B%2243944492-9f56-4032-a208-1eeaf3b8f91f%22%5D&o=e938efa1-acf2-4638-aa48-65a41aa8889a&z=America%2FNew_York&d=false
Stonybrook Middle School,Spring,Girls 7 Softball,https://widget.eventlink.com/sport-schedule?c=%5B%220cbad1dd-b74a-4ec3-8d9f-2faedad7c45c%22%5D&o=e938efa1-acf2-4638-aa48-65a41aa8889a&z=America%2FNew_York&d=false
Stonybrook Middle School,Winter,Boys 7th Boys' Basketball,https://widget.eventlink.com/sport-schedule?c=%5B%224cadd658-542b-47de-bfee-3f9603b41419%22%5D&o=e938efa1-acf2-4638-aa48-65a41aa8889a&z=America%2FNew_York&d=false
Stonybrook Middle School,Fall,Boys 7th Football,https://widget.eventlink.com/sport-schedule?c=%5B%22363b45f3-4b20-44e6-9d4d-ad64551f230f%22%5D&o=e938efa1-acf2-4638-aa48-65a41aa8889a&z=America%2FNew_York&d=false
Stonybrook Middle School,Winter,Girls 7th Girls' Basketball,https://widget.eventlink.com/sport-schedule?c=%5B%22b473721e-9032-47c0-bde8-0c67a632e0a4%22%5D&o=e938efa1-acf2-4638-aa48-65a41aa8889a&z=America%2FNew_York&d=false
Stonybrook Middle School,Spring,Boys 8 Baseball,https://widget.eventlink.com/sport-schedule?c=%5B%225a752d0c-caf2-4ff1-b974-4f8f0880f58f%22%5D&o=e938efa1-acf2-4638-aa48-65a41aa8889a&z=America%2FNew_York&d=false
Stonybrook Middle School,Spring,Girls 8 Softball,https://widget.eventlink.com/sport-schedule?c=%5B%22cfe67f0a-34f3-4a27-a073-5ad689c570ab%22%5D&o=e938efa1-acf2-4638-aa48-65a41aa8889a&z=America%2FNew_York&d=false
Stonybrook Middle School,Winter,Boys 8th Boys' Basketball,https://widget.eventlink.com/sport-schedule?c=%5B%22b0d2ed53-0f57-47e0-b2ff-bd16e65d9669%22%5D&o=e938efa1-acf2-4638-aa48-65a41aa8889a&z=America%2FNew_York&d=false
Stonybrook Middle School,Fall,Boys 8th Football,https://widget.eventlink.com/sport-schedule?c=%5B%22d1528a84-6fb7-4e71-8912-7cf50569880f%22%5D&o=e938efa1-acf2-4638-aa48-65a41aa8889a&z=America%2FNew_York&d=false
Stonybrook Middle School,Winter,Girls 8th Girls' Basketball,https://widget.eventlink.com/sport-schedule?c=%5B%22c7f382e4-65d4-4304-8639-0313662fef41%22%5D&o=e938efa1-acf2-4638-aa48-65a41aa8889a&z=America%2FNew_York&d=false
Stonybrook Middle School,Spring,Boys Boys' Golf,https://widget.eventlink.com/sport-schedule?c=%5B%22c4a48ac6-57ec-4426-b236-fba6f8591b37%22%5D&o=e938efa1-acf2-4638-aa48-65a41aa8889a&z=America%2FNew_York&d=false
Stonybrook Middle School,Fall,Boys Boys' Soccer,https://widget.eventlink.com/sport-schedule?c=%5B%22e54b4872-56aa-4017-aaf5-6f9763bb2ca2%22%5D&o=e938efa1-acf2-4638-aa48-65a41aa8889a&z=America%2FNew_York&d=false
Stonybrook Middle School,Fall,Coed Cross Country,https://widget.eventlink.com/sport-schedule?c=%5B%2282a3eb6d-e1e2-4dd5-a884-3b9f420f45e9%22%5D&o=e938efa1-acf2-4638-aa48-65a41aa8889a&z=America%2FNew_York&d=false
Stonybrook Middle School,Fall,Girls Girls' Golf,https://widget.eventlink.com/sport-schedule?c=%5B%22419a7ef6-1c3e-45ab-999b-703f441e581f%22%5D&o=e938efa1-acf2-4638-aa48-65a41aa8889a&z=America%2FNew_York&d=false
Stonybrook Middle School,Fall,Girls Girls' Soccer,https://widget.eventlink.com/sport-schedule?c=%5B%22c8704429-576f-4bb2-9fde-e472e4049d46%22%5D&o=e938efa1-acf2-4638-aa48-65a41aa8889a&z=America%2FNew_York&d=false
Stonybrook Middle School,Winter,Coed Swimming & Diving,https://widget.eventlink.com/sport-schedule?c=%5B%220ab39568-ecd2-4b6a-ab57-e857c1219a12%22%5D&o=e938efa1-acf2-4638-aa48-65a41aa8889a&z=America%2FNew_York&d=false
Stonybrook Middle School,Fall,Coed Tennis,https://widget.eventlink.com/sport-schedule?c=%5B%226271b4d0-76f0-4b39-8c3b-3dfb26079da1%22%5D&o=e938efa1-acf2-4638-aa48-65a41aa8889a&z=America%2FNew_York&d=false
Stonybrook Middle School,Spring,Coed Track and Field,https://widget.eventlink.com/sport-schedule?c=%5B%2220a9445b-135c-4163-94b5-41c37ac8f411%22%5D&o=e938efa1-acf2-4638-aa48-65a41aa8889a&z=America%2FNew_York&d=false
Stonybrook Middle School,Fall,Girls Volleyball,https://widget.eventlink.com/sport-schedule?c=%5B%225fad9776-8de8-42af-a86d-5339ab960ceb%22%5D&o=e938efa1-acf2-4638-aa48-65a41aa8889a&z=America%2FNew_York&d=false
Stonybrook Middle School,Winter,Coed Wrestling,https://widget.eventlink.com/sport-schedule?c=%5B%22d1438fb3-c44d-424f-a690-42e1e2de2ce6%22%5D&o=e938efa1-acf2-4638-aa48-65a41aa8889a&z=America%2FNew_York&d=false
